Model,Input_data,train_pearsonr,valid_pearsonr,hparams,bic,aic
L1 ExactQuadratic,promoters,0.5253979985151559,0.5303113901251351,-1.5,1767699.2639201845,1767647.6020822448,114481
L1 ExactQuadratic,promoters,0.5253909285061619,0.5303035954268881,0.0,1767703.2837506598,1767651.6438522765,114481
L1 ExactQuadratic,promoters,0.5574591841332182,0.5620149222798514,2.0,1734365.6050718194,1734268.8139545764,111752
