Model,RFFs,Input_data,Train_pearson_r,Valid_pearson_r,hparams,NMLL
Linear,2048,promoters,0.5809965744941281,0.5906981373646871,-0.21373110000000003_-2.0794415,2051305.491
Linear,2048,merged,0.6035180087921982,0.6108539862126915,-0.21373110000000003_-2.0794415,2021401.85
Poly,16384,promoters,0.7133362827507752,0.7155629067138631,-0.21373110000000003_-2.3025851,2101925.187
